<?xml version="1.0" encoding="UTF-8"?>
<addon id="repository.mosestyle"
       name="Mosestyle Repository"
       version="1.0.0"
       provider-name="Mosestyle">
  <requires>
    <import addon="xbmc.addon" version="12.0.0"/>
  </requires>
  <extension point="xbmc.addon.repository" name="Mosestyle Repository">
    <dir>
      <info compressed="false">https://mosestyle.github.io/kodis/repo/addons.xml</info>
      <checksum>https://mosestyle.github.io/kodis/repo/addons.xml.md5</checksum>
      <datadir zip="true">https://mosestyle.github.io/kodis/zips/</datadir>
    </dir>
  </extension>
  <extension point="xbmc.addon.metadata">
    <summary>Mosestyle add-ons and build installer</summary>
    <description>Repository for Mosestyle’s installer and first-run config service.</description>
    <platform>all</platform>
  </extension>
</addon>
