<?xml version="1.0" encoding="UTF-8"?>
<addon id="service.mosestyle.config"
       name="Mosestyle First-Run Config"
       version="1.0.0"
       provider-name="Mosestyle">
  <requires>
    <import addon="xbmc.python" version="3.0.0"/>
  </requires>
  <extension point="xbmc.service" library="service.py"/>
  <extension point="xbmc.addon.metadata">
    <summary>Applies Mosestyle GUI preferences via JSON-RPC, then disables itself.</summary>
    <platform>all</platform>
  </extension>
</addon>
