<?xml version="1.0" encoding="UTF-8"?>
<addon id="plugin.program.mosestylebuild"
       name="Mosestyle Build Installer"
       version="1.0.2"
       provider-name="Mosestyle">
  <requires>
    <import addon="xbmc.python" version="3.0.0"/>
    <import addon="service.mosestyle.config" version="1.0.0"/>
  </requires>

  <extension point="xbmc.python.script" library="default.py"/>

  <extension point="xbmc.addon.metadata">
    <summary>Install Mosestyle's Kodi build</summary>
    <description>Restores the build package; the first-run service applies GUI preferences on next start.</description>
    <platform>all</platform>
    <news>
      [1.0.2] Safer defaults (Fresh/OFF, Remove GUI/OFF, Auto-skin/OFF, Restart/OFF) +
              Guard against restart if skin prompt is active; log when auto-skin is disabled.
      [1.0.1] Wait for "Keep skin?" prompt before any restart to avoid freeze.
    </news>
  </extension>
</addon>
